Question,Answer,target
What are some of the top tourist spots in Mumbai that are worth visiting?,"Mumbai has several top popular tourist attractions worth visiting, such as the Gateway of India, Marine Drive, Elephanta Caves, Juhu Beach, Chhatrapati Shivaji Terminus, Haji Ali Dargah and Siddhivinayak Temple.",0
Which beaches are famous among tourists visiting Maharashtra?,"popular beaches in Maharashtra are Juhu Beach, Alibaug Beach, and Kashid Beach, Ganapatipule Beach, Tarkarli Beach, and Dahanu-Bordi Beach.",1
Can you recommend some of the well-known beaches in Maharashtra?,"popular beaches in Maharashtra are Juhu Beach, Alibaug Beach, and Kashid Beach, Ganapatipule Beach, Tarkarli Beach, and Dahanu-Bordi Beach.",1
Are there any highly-rated beaches in Maharashtra that are worth visiting?,"popular beaches in Maharashtra are Juhu Beach, Alibaug Beach, and Kashid Beach, Ganapatipule Beach, Tarkarli Beach, and Dahanu-Bordi Beach.",1
What are some of the most popular beaches to visit in Maharashtra?,"popular beaches in Maharashtra are Juhu Beach, Alibaug Beach, and Kashid Beach, Ganapatipule Beach, Tarkarli Beach, and Dahanu-Bordi Beach.",1
What are the popular beaches in Maharashtra?,"popular beaches in Maharashtra are Juhu Beach, Alibaug Beach, and Kashid Beach, Ganapatipule Beach, Tarkarli Beach, and Dahanu-Bordi Beach.",1
 Which fort near Pune is considered to be popular among tourists?,Sinhgad fort near pune is considered popular among tourist,6
Which fort in the Pune region is notable and worth visiting?,The fort worth visiting in pune region is sinhgad fort.,7
What is the famous fort near Pune?,The famous fort near Pune is Sinhagad Fort.,8
What is the distance between Mumbai and Mahabaleshwar?,The distance between Mumbai and Mahabaleshware is approximately 260 km.,9
How one can reach mahabaleshware from Mumbai?,"You can reach mahabaleshwar from mumbai by road. Alternatively, one can also take a train from Mumbai to Satara or Pune and then continue the journey by taxi or bus to Mahabaleshwar",10
Are there any highly-rated waterfalls in Maharashtra that are worth visiting?,"Some of the highly-rated waterfalls in Maharashtra are Dudhsagar Falls, Thoseghar Falls, and Bhivpuri Falls.",11
Can you recommend some of the well-known waterfalls in Maharashtra?,"Some of the well-known waterfalls in Maharashtra are Dudhsagar Falls, Thoseghar Falls, and Bhivpuri Falls.",12
What is the best way to reach Mahabaleshwar from Mumbai?,The best way to reach Mahabaleshwar from Mumbai is by road.,13
What are some of the most popular waterfalls in Maharahtra?,"Some of the popular waterfalls in Maharashtra are Dudhsagar Falls, Thoseghar Falls, and Bhivpuri Falls.",14
What are the famous waterfalls in Maharashtra?,"Some of the famous waterfalls in Maharashtra are Dudhsagar Falls, Thoseghar Falls, and Bhivpuri Falls.",15
 What is the height from the sea level of the Rajmachi Fort?,The height of the Rajmachi Fort from sea level is 2710 feet.,16
How tall is the Rajmachi Fort?,Rajmachi Fort is 2710 feet tall.,17
What is the height of the Rajmachi Fort?,The height of the Rajmachi Fort is 2710 feet.,18
What is the best time to visit Ajanta and Ellora Caves?,The best time to visit Ajanta and Ellora Caves is between November and March.,19
What is the famous temple in Shirdi?,The famous temple in Shirdi is the Sai Baba Temple.,20
What are the adventure activities in Lonavala?,"Some of the adventure activities in Lonavala are trekking, camping, and rock climbing.",21
What is the best time to visit Tarkarli Beach?,The best time to visit Tarkarli Beach is between October and March.,22
What is the famous hill station near Mumbai?,The famous hill station near Mumbai is Matheran.,23
What is the distance between Mumbai and Pune?,The distance between Mumbai and Pune is approximately 150 km.,24
What is the famous festival in Maharashtra?,The famous festival in Maharashtra is Ganesh Chaturthi.,25
What is the entry fee for Elephanta Caves?,The entry fee for Elephanta Caves is Rs. 40 for Indian citizens and Rs. 600 for foreigners.,26
 What are some of the well-known food items that one can find in Kolhapur?,Some of the well know food in Kolhapur includes Misal Pav and tambada and pandhra rassa.,27
Which cuisine is Kolhapur famous for?,Cuisine famous in  Kolhapur includes Misal Pav and tambada and pandhra rassa.,28
What is the specialty dish of Kolhapur?,Specialty dish of Kolhapur includes Misal Pav and tambada and pandhra rassa.,29
What is the famous food in Kolhapur?,The famous food in Kolhapur is Misal Pav.,30
What is the best time to visit Matheran?,The best time to visit Matheran is between October and May.,31
When is the ideal time to visit Lonavala?,The ideal time to visit Lonavala is between November and May.,32
What season is best to go to Lonavala?,The best season to go to Lonavala is between November and May.,33
What time of the year is good for visiting Lonavala?,The best time to visit Lonavala is between November and May.,34
When is the ideal time to visit Khandala?,The ideal time to visit Khandala is between September and May.,35
What season is best to go to Khandala?,The best season to go to Khandala is between September and May.,36
What time of the year is good for visiting Khandala?,The best time to visit Khandala is between September and May.,37
When is the ideal time to visit Pune?,the ideal time to visit Pune is during the winter months from October to March.,38
What season is best to go to Pune?, the best season to visit Pune is during the winter months from October to March.,39
What time of the year is good for visiting Pune?,the best time to visit Pune is during the winter months from October to March.,40
What season is best to go to Matheran?, the best season to visit Matheran is during the winter months from October to March.,41
What time of the year is good for visiting Matheran?,the best time to visit Matheran is during the winter months from October to March.,42
When is the ideal time to visit Nagpur?,the ideal time to visit Nagpur is during the winter months from December to March.,43
What season is best to go to Nagpur?, the best season to go to Nagpur is during the winter months from December to March.,44
What time of the year is good for visiting Nagpur?,the good time to visit Nagpur is during the winter months from December to March.,45
When is the ideal time to visit Mumbai?,the ideal time to visit Mumbai is during the winter months from November to February.,46
What season is best to go to Mumbai?, the best season to go to Mumbai is during the winter months from  November to February.,47
What time of the year is good for visiting Mumbai?,the good time to visit Mumbai is during the winter months from  November to February.,48
When is the ideal time to visit Ajanta?,the ideal time to visit Ajanta is during the winter months from November to February.,49
What season is best to go to Ajanta?, the best season to visit Ajanta is during the winter months from  November to February.,50
What time of the year is good for visiting Ajanta?,the good time to visit Ajanta is during the winter months from  November to February.,51
What are some of the top tourist spots in Mumbai that are worth visiting?,"Mumbai has several popular tourist attractions, such as the Gateway of India, Marine Drive, Elephanta Caves, Juhu Beach, Chhatrapati Shivaji Terminus, Haji Ali Dargah, Siddhivinayak Temple, and Crawford Market.",52
Could you suggest some must-visit food destinations in Mumbai?,"If you're a foodie, you must check out some of Mumbai's iconic food destinations, such as Mohammed Ali Road, Colaba Causeway, Crawford Market, Zaveri Bazaar, Cafe Leopold, and Bademiya.",53
Which are the famous beaches in Mumbai that tourists should not miss?,"Mumbai is home to several popular beaches, including Juhu Beach, Girgaum Chowpatty, Versova Beach, Aksa Beach, and Madh Island Beach.",54
Are there any historical landmarks in Mumbai that are worth exploring?,"Mumbai boasts several historical landmarks that are worth exploring, such as the Gateway of India, Chhatrapati Shivaji Terminus, Elephanta Caves, Kanheri Caves, Banganga Tank, and Victoria Terminus.",55
What are the popular shopping areas in Mumbai?,"Mumbai is a paradise for shoppers, with popular shopping areas such as Colaba Causeway, Hill Road, Linking Road, Zaveri Bazaar, Crawford Market, Chor Bazaar, and Fashion Street.",56
What is the best way to reach the Elephanta Caves from Mumbai?,The best way to reach the Elephanta Caves from Mumbai is by taking a ferry ride from the Gateway of India. The ferry ride takes around an hour to reach the caves.,57
How long should one plan a trip to Mumbai to explore its major tourist attractions?,"Ideally, it would be best to plan a trip of 3-4 days to Mumbai to explore its major tourist attractions fully.",58
Can you recommend some offbeat places to visit in Mumbai?,"If you want to explore some offbeat places in Mumbai, consider visiting Sanjay Gandhi National Park, Kanheri Caves, Sewri Fort, Elephanta Island, and the Global Vipassana Pagoda.",59
Which are some of the famous festivals celebrated in Mumbai?,"Mumbai is known for its festive spirit and celebrates several festivals, including Ganesh Chaturthi, Diwali, Holi, Eid, and Navratri.",60
Are there any day-trip options from Mumbai that are worth considering?,"If you have some extra time, you can consider visiting some popular day-trip options from Mumbai, such as Lonavala, Alibaug, Matheran, Karjat, and Karnala Bird Sanctuary.",61
What are some popular festivals celebrated in Mumbai?,"Popular festivals celebrated in mumbai are Ganesh Chaturthi, Diwali, Holi, Eid, Navratri",62
What is the ideal duration of a trip to Mumbai?,"Ideally, 3-4 days are sufficient to explore the major tourist attractions of Mumbai.",63
How to reach the Elephanta Caves from Mumbai?,One can take a ferry from the Gateway of India to reach Elephanta Caves. It takes around 1 hour to reach the caves by ferry.,64
What are the famous beaches in Mumbai that are worth visiting?,"Beaches worth visiting in mumbai are Juhu Beach, Girgaum Chowpatty, Versova Beach, Aksa Beach, Madh Island Beach",65
What is the best time to visit Shirdi?,The best time to visit Shirdi is between June and March.,66
What is the significance of Shirdi Sai Baba Temple?,"The Shirdi Sai Baba Temple is significant as it is the place where the revered Indian saint, Sai Baba, lived and attained Samadhi.",67
Are there any other places to visit in Shirdi?,"Yes, some other places to visit in Shirdi include Dwarkamai Masjid, Chavadi, Shani Shingnapur, and Khandoba Mandir.",68
How can I reach Shirdi?,"Shirdi is well-connected by road, rail, and air. The nearest airport is Aurangabad Airport, and the nearest railway station is Sainagar Shirdi Railway Station.",69
What are some of the nearby tourist attractions to Shirdi?,"Some of the nearby tourist attractions to Shirdi include Ellora Caves, Ajanta Caves, Shani Shingnapur, and Nashik.",70
What are the timings of the Sai Baba Temple in Shirdi?,The Sai Baba Temple in Shirdi opens at 4:00 am and closes at 11:00 pm.,71
How far is Shani Shingnapur from Shirdi?,Shani Shingnapur is approximately 75 kilometers from Shirdi and takes around 2 hours to reach by road,72
What is Nashik famous for?,"Nashik is famous for its vineyards, temples, and historic sites.",73
What are the popular vineyards to visit in Nashik?,"Some of the popular vineyards to visit in Nashik include Sula Vineyards, York Winery, and Soma Vine Village.",74
What are the timings of the Trimbakeshwar Temple in Nashik?,The Trimbakeshwar Temple in Nashik opens at 5:30 am and closes at 9:00 pm.,75
What is the significance of the Trimbakeshwar Temple in Nashik?,The Trimbakeshwar Temple in Nashik is one of the twelve Jyotirlingas and is considered a highly revered pilgrimage site for Hindus.,76
What are the other popular attractions in Nashik apart from the vineyards and temples?,"Other popular attractions in Nashik include the Pandavleni Caves, Dudhsagar Falls, and the Kalaram Temple.",77
What is the distance between Nashik and Mumbai?,The distance between Nashik and Mumbai is approximately 165 kilometers and takes around 3 hours to reach by road.,78
What is the best time to visit Nashik?,"The best time to visit Nashik is between October and February when the weather is pleasant and ideal for sightseeing. However, the vineyards can be visited throughout the year.",79
What is Aurangabad famous for?,"Aurangabad is famous for its historical monuments, including the Ajanta and Ellora Caves.",80
What are the Ajanta Caves in Aurangabad?,The Ajanta Caves in Aurangabad are a group of 30 rock-cut Buddhist cave monuments that date back to the 2nd century BCE,81
What are the Ellora Caves in Aurangabad?,"The Ellora Caves in Aurangabad are a group of 34 rock-cut cave monuments that date back to the 6th century CE and include Buddhist, Hindu, and Jain temples.",82
What is the Bibi Ka Maqbara in Aurangabad?,The Bibi Ka Maqbara in Aurangabad is a tomb built in the late 17th century as a replica of the Taj Mahal.,83
What is the significance of the Daulatabad Fort in Aurangabad?,The Daulatabad Fort in Aurangabad is a 14th-century fortification that was the capital of the Tughlaq dynasty and is considered a significant historical site,84
What is the distance between Aurangabad and Mumbai?,The distance between Aurangabad and Mumbai is approximately 370 kilometers and takes around 7 hours to reach by road.,85
What is the best time to visit Aurangabad?,The best time to visit Aurangabad is between November and March when the weather is pleasant and ideal for sightseeing.,86
What is the Aurangabad Caves in Aurangabad?,The Aurangabad Caves in Aurangabad are a group of 12 Buddhist rock-cut caves that date back to the 6th and 7th centuries.,87
What are the timings of the Ajanta Caves in Aurangabad?,"The Ajanta Caves in Aurangabad are open from 9:00 am to 5:00 pm, except on Mondays.",88
What is the significance of the Grishneshwar Temple in Aurangabad?,The Grishneshwar Temple in Aurangabad is one of the twelve Jyotirlingas and is considered a highly revered pilgrimage site for Hindus.,89
What is the distance between Aurangabad and Pune?,The distance between Aurangabad and Pune is approximately 235 kilometers and takes around 4.5 hours to reach by road.,90
What is the significance of the Bhadra Maruti Temple in Aurangabad?,The Bhadra Maruti Temple in Aurangabad is dedicated to Lord Hanuman and is considered a highly revered pilgrimage site for Hindus.,91
What is the Panchakki in Aurangabad?,The Panchakki in Aurangabad is a water mill that was built in the 17th century and is considered a significant historical site.,92
What is the distance between Aurangabad and Hyderabad?,The distance between Aurangabad and Hyderabad is approximately 360 kilometers and takes around 7 hours to reach by road,93
What are the timings of the Ellora Caves in Aurangabad?,"The Ellora Caves in Aurangabad are open from 9:00 am to 5:30 pm, except on Tuesdays.",94
What is the distance between Aurangabad and Ajanta Caves?,The distance between Aurangabad and Ajanta Caves is approximately 100 kilometers and takes around 2 hours to reach by road.,95
Are there any adventure activities to do in Aurangabad?,"Yes, there are many adventure activities to do in Aurangabad, including trekking in the nearby hills, hot air ballooning, and paragliding.",96
What are the popular local dishes to try in Aurangabad?,"Aurangabad is famous for its spicy and flavorful cuisine, and some of the popular local dishes to try include Naan Qalia, Dum Biryani, and Khichda.",97
What is the entry fee for the Ajanta and Ellora Caves in Aurangabad?,The entry fee for the Ajanta and Ellora Caves in Aurangabad is INR 40 for Indian citizens and INR 600 for foreign nationals.,98
Are there any other tourist attractions in Aurangabad apart from the caves?,"Yes, there are many other tourist attractions in Aurangabad, including the Bibi Ka Maqbara, Panchakki, and the Aurangabad Caves.",99
What are some popular tourist destinations in Konkan?,"Some popular tourist destinations in Konkan are Alibaug, Murud, Ganpatipule, and Malvan.",100
What is the best time to visit Konkan?,The best time to visit Konkan is from November to February.,101
What is the distance between Mumbai and Konkan?,"The distance between Mumbai and Konkan varies depending on the destination, but it is usually between 120 to 250 kilometers.",102
What are some water sports activities available in Konkan?,"Water sports such as parasailing, jet skiing, and banana boat rides are available in Konkan.",103
What are the famous beaches in Konkan?,"Some famous beaches in Konkan are Alibaug Beach, Kashid Beach, and Murud Beach.",104
What is the best way to reach Konkan?,The best way to reach Konkan is by road or by train.,105
What is the famous cuisine of Konkan?,"Konkan cuisine is known for its seafood dishes like Fish Curry, Sol Kadhi, and Bombil Fry.",106
What are some popular activities to do in Konkan?,"Trekking, camping, and beach hopping are popular activities in Konkan.",107
What is the weather like in Konkan during monsoon season?,"Konkan experiences heavy rainfall during monsoon season, which lasts from June to September.",108
What is the famous temple in Konkan?,"The Ganpatipule Temple is a famous temple in Konkan, dedicated to Lord Ganesha.",109
Which is the best beach for water sports in Konkan?,Tarkarli Beach is a popular beach in Konkan for water sports activities like scuba diving and snorkeling.,110
What is the famous fort in Konkan?,"Sindhudurg Fort is a famous fort in Konkan, built by Shivaji Maharaj.",111
What are some popular wildlife sanctuaries in Konkan?,"Some popular wildlife sanctuaries in Konkan are Bhagwan Mahaveer Sanctuary, Koyna Wildlife Sanctuary, and Phansad Wildlife Sanctuary.",112
What are some popular hill stations in Konkan?,"Amboli, Mahabaleshwar, and Matheran are popular hill stations in Konkan.",113
What is the famous waterfall in Konkan?,"The Dudhsagar Waterfall is a famous waterfall in Konkan, located on the Goa-Karnataka border.",114
What are some popular festivals celebrated in Konkan?,"Ganesh Chaturthi, Diwali, and Holi are some popular festivals celebrated in Konkan.",115
What are the top tourist attractions in Panchgani?,"Some of the top tourist attractions in Panchgani include Sydney Point, Table Land, and Parsi Point.",116
What is the best time to visit Panchgani?,The best time to visit Panchgani is from September to May.,117
What are the adventurous activities to do in Panchgani?,"Some of the adventurous activities to do in Panchgani include paragliding, trekking, and rock climbing.",118
What is the distance between Panchgani and Mahabaleshwar?,The distance between Panchgani and Mahabaleshwar is about 20 kilometers.,119
What is the history behind the Table Land in Panchgani?,The Table Land in Panchgani is a volcanic plateau that was formed millions of years ago.,120
What is the famous strawberry farm in Panchgani?,Mapro Garden is a famous strawberry farm in Panchgani.,121
What is the main cuisine of Panchgani?,"Panchgani offers a variety of cuisine, but Maharashtrian and Gujarati cuisine are the main ones.",122
What are the best trekking trails in Panchgani?,Some of the best trekking trails in Panchgani include the Rajpuri Caves trek and the Table Land trek.,123
What is the best way to reach Panchgani from Mumbai?,The best way to reach Panchgani from Mumbai is by road.,124
What is Lavasa known for?,"Lavasa is known for its beautiful landscape, architecture, and its proximity to Pune",125
What are the popular activities to do in Lavasa?,"Popular activities to do in Lavasa include trekking, rappelling, ziplining, and watersports.",126
What is the best time to visit Lavasa?,The best time to visit Lavasa is from September to March.,127
How can I reach Lavasa from Pune?,"Lavasa is located about 57 km from Pune, and can be reached by road through private car or taxi.",128
What is the distance between Mumbai and Lavasa?,The distance between Mumbai and Lavasa is about 186 km.,129
What is the famous dam near Lavasa?,The famous dam near Lavasa is the Varasgaon Dam.,130
What are the nearby tourist attractions in Lavasa?,"Some of the nearby tourist attractions in Lavasa include Tikona Fort, Pawna Lake, and Devkund Waterfall.",131
What is the height of Tikona Fort?,Tikona Fort has a height of 3500 ft.,132
What are the popular restaurants in Lavasa?,"Some of the popular restaurants in Lavasa are Chor Bizarre, All American Diner, and Earthen Oven.",133
What is the famous festival celebrated in Lavasa?,The famous festival celebrated in Lavasa is the Dasara Festival.,134
What is the entry fee for the Lavasa Nature Trail?,The entry fee for the Lavasa Nature Trail is INR 200 per person.,135
What is the Lavasa Nature Trail?,The Lavasa Nature Trail is a scenic trail that runs through the lush green hills of Lavasa and offers panoramic views of the surrounding landscape.,136
What are the popular adventure sports in Lavasa?,"The popular adventure sports in Lavasa include ziplining, rappelling, rock climbing, and kayaking.",137
What is the popular boating point in Lavasa?,The popular boating point in Lavasa is the Lakeshore Watersports.,138
What is the height of Sinhagad Fort?,Sinhagad Fort has a height of 1312 meters.,139
What is the distance between Lavasa and Sinhagad Fort?,The distance between Lavasa and Sinhagad Fort is about 55 km.,140
What is the famous waterfall near Lavasa?,The famous waterfall near Lavasa is the Devkund Waterfall.,141
What are the popular adventure activities to do in Kolad?,"River rafting, trekking, camping, and kayaking are some popular adventure activities to do in Kolad.",142
Which is the best time to visit Kolad for adventure activities?,The best time to visit Kolad for adventure activities is from June to February.,143
What are the famous tourist attractions to visit in Kolad?,"Tamhini Ghat, Bhira Dam, Kuda Caves, and Tala Fort are some famous tourist attractions to visit in Kolad.",144
How far is Kolad from Mumbai?,Kolad is approximately 120 km away from Mumbai.,145
What is the best way to reach Kolad from Pune?,The best way to reach Kolad from Pune is by road.,146
What is the ideal duration to stay in Kolad?,The ideal duration to stay in Kolad is 1-2 days to experience all the adventure activities and visit the tourist attractions.,147
Which is the nearest airport to Kolad?,"The nearest airport to Kolad is Chhatrapati Shivaji International Airport in Mumbai, located approximately 120 km away.",148
What are some popular tourist attractions in Bhandardara?,"Some popular tourist attractions in Bhandardara are the Bhandardara Lake, Wilson Dam, and Randha Falls.",149
What is the best time to visit Bhandardara?,The best time to visit Bhandardara is from November to February.,150
What kind of adventure activities are available in Bhandardara?,"Trekking, camping, and boating are some popular adventure activities in Bhandardara.",151
What is the distance between Mumbai and Bhandardara?,The distance between Mumbai and Bhandardara is approximately 165 km.,152
Is Bhandardara a good weekend getaway from Mumbai?,"Yes, Bhandardara is a great weekend getaway destination from Mumbai.",153
What is the height of the Randha Falls?,The Randha Falls has a height of around 170 feet.,154
What is the history behind the Wilson Dam in Bhandardara?,The Wilson Dam was built in 1910 by the British during their rule in India.,155
What are the top tourist spots to visit in Bhandardara?,"The top tourist spots to visit in Bhandardara include Bhandardara Lake, Wilson Dam, and Randha Falls.",156
When is the ideal time to plan a visit to Bhandardara?,November to February is the ideal time to plan a visit to Bhandardara.,157
How far is Bhandardara from Mumbai?,Bhandardara is approximately 165 km away from Mumbai.,158
How tall is the Randha Falls in Bhandardara?,The Randha Falls in Bhandardara has a height of around 170 feet.,159
What is Rajmachi famous for?,Rajmachi is famous for its historical forts and scenic beauty.,160
How to reach Rajmachi?,Rajmachi can be reached by trekking or hiring a private vehicle from Lonavala or Karjat.,161
What is the best time to visit Rajmachi?,"The best time to visit Rajmachi is from October to February, during the winter season.",162
What is the height of the Rajmachi Fort?,The height of the Rajmachi Fort is 2710 feet above sea level.,163
Is there any accommodation available in Rajmachi?,"Yes, there are a few guesthouses and camping options available in Rajmachi.",164
What are the nearby attractions to Rajmachi?,"The nearby attractions to Rajmachi include Kondhane Caves, Karla Caves, and Bhaja Caves.",165
What are the trekking options in Rajmachi?,The two popular trekking options in Rajmachi are Shrivardhan Fort trek and Manaranjan Fort trek.,166
Are there any waterfalls near Rajmachi?,"Yes, there are a few waterfalls near Rajmachi such as Kondhane waterfall and Zenith waterfall.",167
What is the distance between Lonavala and Rajmachi?,The distance between Lonavala and Rajmachi is around 15 km.,168
What is the history of Rajmachi Fort?,The Rajmachi Fort was built by Shivaji Maharaj in the 17th century and has since been a witness to many historical events.,169
What is the weather like in Rajmachi?,The weather in Rajmachi is pleasant throughout the year with moderate temperatures.,170
What is the duration of the Shrivardhan Fort trek?,The Shrivardhan Fort trek takes around 2-3 hours to complete.,171
What are the adventure activities available in Rajmachi?,"The adventure activities available in Rajmachi include rappelling, zip-lining, and valley crossing.",172
What are the popular beaches in Alibaug?,"Some of the popular beaches in Alibaug are Alibaug Beach, Nagaon Beach, and Kashid Beach.",173
What is the best time to visit Alibaug?,The best time to visit Alibaug is between November and July when the weather is pleasant.,174
What is the famous food in Alibaug?,"Alibaug is famous for its seafood, especially the Konkani cuisine.",175
What are the top attractions in Alibaug?,"The top attractions in Alibaug are Kolaba Fort, Alibaug Beach, and Kanakeshwar Devasthan Temple.",176
How to reach Alibaug from Mumbai?,The easiest way to reach Alibaug from Mumbai is by taking a ferry from Gateway of India to Mandwa and then a taxi or bus to Alibaug.,177
What is the distance between Mumbai and Alibaug?,The distance between Mumbai and Alibaug is approximately 95 km.,178
What is the history of Kolaba Fort in Alibaug?,Kolaba Fort was built by Shivaji Maharaj in 1680 to protect the Konkan region from Portuguese invaders.,179
What are the adventure activities to do in Alibaug?,"Some of the adventure activities to do in Alibaug are water sports like Jet Ski, Banana Ride, and Parasailing, trekking to Sagargad Fort, and camping in Revdanda.",180
What is the best way to explore Alibaug?,The best way to explore Alibaug is by renting a bike or a car.,181
What are the famous temples to visit in Alibaug?,"Some of the famous temples to visit in Alibaug are Kanakeshwar Devasthan Temple, Vikram Vinayak Temple, and Balaji Temple.",182
What are the nearby attractions to visit in Alibaug?,"Some of the nearby attractions to visit in Alibaug are Kashid Beach, Murud Janjira Fort, and Mandwa Beach.",183
What is the famous festival celebrated in Alibaug?,"The famous festival celebrated in Alibaug is the Kanakeshwar Forest Festival, which is held annually in the month of February.",184
What is the history of Murud Janjira Fort?,"Murud Janjira Fort was built in the 17th century by the Siddis, who were Abyssinian slaves turned Muslim warriors.",185
What are the adventure activities to do in Murud Janjira?,"Some of the adventure activities to do in Murud Janjira are water sports like Jet Ski, Banana Ride, and Parasailing, and trekking to nearby hills.",186
What are the top attractions in Murud Janjira?,"The top attractions in Murud Janjira are the Murud Janjira Fort, Nandgaon Beach, and Dattatraya Temple.",187
What is Tarkarli famous for?,Tarkarli is famous for its long stretch of pristine beaches and water sports like scuba diving and snorkeling.,188
When is the best time to visit Tarkarli?,The best time to visit Tarkarli is between October to March when the weather is pleasant and ideal for outdoor activities.,189
How far is Tarkarli from Mumbai?,Tarkarli is around 525 km away from Mumbai and can be reached by road or rail.,190
What are the popular water sports in Tarkarli?,"The popular water sports in Tarkarli are scuba diving, snorkeling, parasailing, jet skiing, and banana boat rides.",191
What is the distance between Tarkarli and Goa?,The distance between Tarkarli and Goa is around 130 km and can be covered in approximately 3 hours by road.,192
What is the nearest airport to Tarkarli?,"The nearest airport to Tarkarli is the Dabolim Airport in Goa, which is around 130 km away.",193
What is the ideal duration for a Tarkarli trip?,The ideal duration for a Tarkarli trip is 2-3 days to explore the beaches and indulge in water sports.,194
Is Tarkarli a good place for a family vacation?,"Yes, Tarkarli is a great place for a family vacation as it offers a range of activities suitable for all age groups, including beach walks, water sports, and exploring nearby attractions.",195
What are the nearby attractions to Tarkarli?,"The nearby attractions to Tarkarli include the Sindhudurg Fort, Devbagh Beach, Rock Garden, and Tsunami Island.",196
What are the best beaches to visit in Tarkarli?,"The best beaches to visit in Tarkarli are Tarkarli Beach, Devbagh Beach, and Achra Beach.",197
What are the accommodation options in Tarkarli?,"Tarkarli offers a range of accommodation options, including beach resorts, homestays, guesthouses, and hotels.",198
What are the popular local delicacies to try in Tarkarli?,"The popular local delicacies to try in Tarkarli are seafood, Malvani cuisine, and Kokum Sharbat.",199
Is Tarkarli safe for solo travelers?,"Yes, Tarkarli is generally considered safe for solo travelers, but it's always advisable to take necessary precautions and avoid venturing out alone late at night.",200
What is the cost of scuba diving in Tarkarli?,"The cost of scuba diving in Tarkarli varies depending on the package and duration, but it usually starts from around INR 1,500 per person.",201
How can I reach Tarkarli by train?,"The nearest railway station to Tarkarli is the Kudal Railway Station, which is around 45 km away. From here, one can take a taxi or a bus to reach Tarkarli.",202
What is the temperature in Tarkarli during summer?,"The temperature in Tarkarli during summer can range from 25°C to 35°C, and it's advisable to carry light cotton clothes and sunscreen.",203
What is the distance between Tarkarli and Pune?,"The distance between Tarkarli and Pune is around 390 km, and it takes around 7-8 hours by road.",204
What is Ganpatipule famous for?,Ganpatipule is famous for its pristine beaches and the Swayambhu Ganpati Temple.,205
What is the best time to visit Ganpatipule?,The best time to visit Ganpatipule is from October to February when the weather is pleasant.,206
How far is Ganpatipule from Mumbai?,Ganpatipule is approximately 375 km away from Mumbai.,207
What is the nearest airport to Ganpatipule?,"The nearest airport to Ganpatipule is the Ratnagiri Airport, which is about 50 km away.",208
Is it possible to take a train to Ganpatipule?,"Yes, it is possible to take a train to Ganpatipule. The nearest railway station is Ratnagiri, which is about 35 km away.",209
What are some popular beaches in Ganpatipule?,"Some popular beaches in Ganpatipule are Ganpatipule Beach, Aare Ware Beach, and Malgund Beach.",210
What is the significance of the Swayambhu Ganpati Temple?,"The Swayambhu Ganpati Temple in Ganpatipule is believed to be a self-created idol of Lord Ganesha, and it is one of the most revered temples in Maharashtra.",211
What are some places to visit near Ganpatipule?,"Some places to visit near Ganpatipule are Ratnagiri, Jaigad Fort, and Velneshwar.",212
What is the distance between Ganpatipule and Ratnagiri?,The distance between Ganpatipule and Ratnagiri is approximately 30 km.,213
Is it possible to go scuba diving in Ganpatipule?,"Yes, there are scuba diving facilities available in Ganpatipule.",214
What is the famous food of Ganpatipule?,"The famous food of Ganpatipule is Malvani cuisine, which is known for its spicy and delicious seafood dishes.",215
What is the height of the Ganpatipule lighthouse?,The Ganpatipule lighthouse is approximately 170 feet high.,216
Are there any water sports available in Ganpatipule?,"Yes, there are water sports available in Ganpatipule, such as parasailing and jet skiing.",217
What is the entry fee for the Swayambhu Ganpati Temple?,There is no entry fee for the Swayambhu Ganpati Temple in Ganpatipule.,218
What is the best way to explore Ganpatipule?,The best way to explore Ganpatipule is by renting a bike or a car and taking a leisurely drive along the coast.,219
What is the significance of Malgund Beach?,"Malgund Beach is significant because it is the birthplace of the famous Marathi poet, Keshavsut.",220
What are some good accommodation options in Ganpatipule?,"Some good accommodation options in Ganpatipule are MTDC Resort, Abhishek Beach Resort, and Blue Ocean Resort and Spa.",221
Is it possible to do camping in Ganpatipule?,"Yes, there are camping facilities available in Ganpatipule.",222
What is the distance between Ganpatipule and Pune?,The distance between Ganpatipule and Pune is approximately 300 km.,223
What is the significance of Aare Ware Beach?,Aare Ware Beach is significant because it is one of the few,224
What is Raigad Fort?,Raigad Fort is a hill fort located in the Raigad district of Maharashtra. It was the capital of Maratha Empire under the rule of Chhatrapati Shivaji Maharaj.,225
How to reach Raigad Fort?,Raigad Fort is easily accessible by road from Mumbai and Pune. There are also regular buses and taxis available from nearby cities.,226
What is the best time to visit Raigad Fort?,The best time to visit Raigad Fort is during the winter months from October to February when the weather is pleasant and cool.,227
What are the popular attractions in Raigad?,"The popular attractions in Raigad are Raigad Fort, Jagadishwar Temple, Takmak Tok, Gangasagar Lake, and Mahad Ganapati Temple.",228
What is the significance of Raigad Fort?,Raigad Fort holds great historical significance as it served as the capital of Maratha Empire during the reign of Chhatrapati Shivaji Maharaj. It is also known for its architecture and strategic location.,229
What is the entry fee for Raigad Fort?,The entry fee for Raigad Fort is INR 25 per person for Indians and INR 300 per person for foreigners.,230
What are the timings for Raigad Fort?,Raigad Fort is open from 7:00 am to 6:00 pm on all days of the week.,231
What is the distance between Mumbai and Raigad?,The distance between Mumbai and Raigad is approximately 150 kilometers.,232
Is it possible to trek to Raigad Fort?,"Yes, it is possible to trek to Raigad Fort. The trek starts from the base village of Pachad and takes around 3-4 hours to reach the fort.",233
What is the nearest airport to Raigad Fort?,"The nearest airport to Raigad Fort is Chhatrapati Shivaji International Airport in Mumbai, which is around 150 kilometers away.",234
What is the nearest railway station to Raigad Fort?,"The nearest railway station to Raigad Fort is Veer Railway Station, which is around 25 kilometers away.",235
What is the history of Raigad Fort?,Raigad Fort was built in the 17th century by Chhatrapati Shivaji Maharaj and served as his capital until his death. It was later conquered by the British and used as a military base.,236
What is the height of Raigad Fort?,The height of Raigad Fort is 820 meters above sea level.,237
What is the trek difficulty level of Raigad Fort?,The trek difficulty level of Raigad Fort is moderate.,238
What are the accommodation options near Raigad Fort?,"There are several accommodation options near Raigad Fort ranging from budget to luxury hotels and resorts. Some popular options include MTDC Raigad Resort, Forest Hills at Tala, and Mango Leaf Resort.",239
Is it safe to visit Raigad Fort?,"Yes, it is safe to visit Raigad Fort. However, visitors are advised to take necessary precautions and avoid trekking during monsoon season.",240
What are the nearby tourist destinations from Raigad Fort?,"The nearby tourist destinations from Raigad Fort are Mahad, Harihareshwar, Murud-Janjira, and Diveagar Beach.",241
What is the best way to explore Raigad Fort?,The best way to explore Raigad Fort is by trekking and taking a guided tour to learn,242
What is Amboli?,"Amboli is a hill station located in the southern part of Maharashtra, India.",243
How to reach Amboli?,"Amboli can be reached by road from Mumbai and Pune. The nearest railway station is at Sawantwadi, which is about 30 kilometers away.",244
What is the best time to visit Amboli?,The best time to visit Amboli is from June to September when the monsoon is at its peak and the waterfalls are in full flow.,245
What are the popular tourist attractions in Amboli?,"Some of the popular tourist attractions in Amboli are Amboli Waterfalls, Hiranyakeshi Temple, Mahadevgad Point, and Sunset Point.",246
What is the height of Amboli hill station?,Amboli hill station is situated at an altitude of approximately 690 meters above sea level.,247
What are the nearby places to visit in Amboli?,"Some of the nearby places to visit in Amboli are Sawantwadi, Vengurla, Tarkarli Beach, and Sindhudurg Fort.",248
What is the climate of Amboli?,The climate of Amboli is pleasant throughout the year with temperatures ranging between 20°C to 25°C.,249
What are the adventure activities available in Amboli?,"Trekking, camping, and nature walks are some of the adventure activities available in Amboli.",250
Is Amboli safe for tourists?,"Yes, Amboli is a safe place for tourists. However, it is always advisable to take necessary precautions while traveling to any place.",251
What is the distance between Amboli and Mumbai?,The distance between Amboli and Mumbai is approximately 485 kilometers.,252
What is the distance between Amboli and Pune?,The distance between Amboli and Pune is approximately 350 kilometers.,253
Are there any good hotels in Amboli?,"Yes, there are many good hotels and resorts in Amboli that cater to different budgets and preferences.",254
What is the specialty of Amboli cuisine?,"Amboli cuisine is known for its spicy and tangy flavors, and seafood dishes are a specialty of the region.",255
What is the local language spoken in Amboli?,Marathi is the local language spoken in Amboli.,256
What are the medical facilities available in Amboli?,"Amboli has a government hospital and a few private clinics that offer medical facilities. However, it is advisable to carry necessary medication while traveling.",257
What is the culture of Amboli?,The culture of Amboli is a blend of Konkan and Maratha cultures. The region has a rich history and is known for its vibrant festivals and traditions.,258
What is the entry fee for Amboli Waterfalls?,"There is no entry fee for Amboli Waterfalls, and it is open to visitors throughout the year.",259
What are the modes of transportation available in Amboli?,"Buses, taxis, and private vehicles are the modes of transportation available in Amboli.",260
What is the duration of a typical Amboli tour?,"A typical Amboli tour lasts for 2 to 3 days, depending on the places you want to visit and the activities you want to indulge in.",261
Is Amboli a pet-friendly destination?,"Yes, Amboli is a pet-friendly destination, and there are many hotels and resorts that allow pets. However, it is always advisable to check with the hotel before making a booking.",262
What is Kolhapur known for?,"Kolhapur is known for its historical and cultural significance, its temples, the Kolhapuri chappals, and its cuisine.",263
What are some popular tourist attractions in Kolhapur?,"Some popular tourist attractions in Kolhapur are the Mahalaxmi Temple, the New Palace, Rankala Lake, and the Jyotiba Temple.",264
When is the best time to visit Kolhapur?,"The best time to visit Kolhapur is from October to February, during the winter season when the weather is pleasant.",265
What is the best way to reach Kolhapur?,The best way to reach Kolhapur is by train or bus. Kolhapur also has a domestic airport with flights from Mumbai and Bangalore.,266
What is the history behind the Mahalaxmi Temple in Kolhapur?,The Mahalaxmi Temple in Kolhapur has a history dating back to the 7th century and is believed to have been constructed by the Chalukya dynasty. It has since been renovated and reconstructed several times by different rulers.,267
What is the significance of the Jyotiba Temple in Kolhapur?,The Jyotiba Temple in Kolhapur is dedicated to the Hindu deity Jyotiba and is believed to be one of the oldest temples in Maharashtra. It is considered to be a very sacred and powerful temple by devotees.,268
What are some local delicacies to try in Kolhapur?,"Some local delicacies to try in Kolhapur are the Kolhapuri Misal Pav, Tambada Rassa, Pandhra Rassa, and Kolhapuri Bhel.",269
What is the New Palace in Kolhapur?,The New Palace in Kolhapur is a royal palace built in the 19th century for the Chhatrapati rulers of Kolhapur. It is now a museum displaying artifacts and memorabilia from the royal family.,270
What is the best way to get around in Kolhapur?,The best way to get around in Kolhapur is by hiring a private cab or auto-rickshaw. Buses and shared cabs are also available for travel within the city.,271
What is the Kolhapuri chappal?,The Kolhapuri chappal is a type of Indian leather sandal originating from Kolhapur. It is known for its unique design and durability and is popular both locally and internationally.,272
What is the significance of Rankala Lake in Kolhapur?,Rankala Lake is a man-made lake in Kolhapur and is a popular spot for picnics and boating. It is also surrounded by several temples and parks.,273
What is the best time to visit the Rankala Lake in Kolhapur?,"The best time to visit the Rankala Lake in Kolhapur is during the winter season, from October to February, when the weather is pleasant and ideal for outdoor activities.",274
What is the Siddhagiri Museum in Kolhapur?,"The Siddhagiri Museum in Kolhapur is a museum dedicated to the life and teachings of the 12th-century philosopher and saint, Siddheshwar Maharaj. It houses several artifacts and exhibits related to his life and teachings.",275
What is the Gaganbawda hill station near Kolhapur known for?,"The Gaganbawda hill station near Kolhapur is known for its scenic beauty, waterfalls, and trekking trails. It is a popular destination for adventure enthusiasts",276
What is Tadoba National Park?,"Tadoba National Park is a national park in Maharashtra, India.",277
What is the area of Tadoba National Park?,The area of Tadoba National Park is around 625 square kilometers.,278
What is the best time to visit Tadoba National Park?,The best time to visit Tadoba National Park is from February to May.,279
What kind of animals can be spotted at Tadoba National Park?,"Tadoba National Park is home to tigers, leopards, sloth bears, gaur, sambar, and wild dogs.",280
What kind of birds can be seen at Tadoba National Park?,"Tadoba National Park has over 195 species of birds including the Indian pitta, crested serpent eagle, and the grey-headed fishing eagle.",281
How can I get to Tadoba National Park?,"Tadoba National Park can be reached by air, rail or road. The nearest airport is in Nagpur, which is around 150 kilometers away from the park.",282
Is there any accommodation available near Tadoba National Park?,"Yes, there are many accommodation options available near Tadoba National Park including resorts, lodges, and guesthouses.",283
Are there any safari options available in Tadoba National Park?,"Yes, there are jeep safaris and canter safaris available in Tadoba National Park.",284
How long does a safari in Tadoba National Park last?,A safari in Tadoba National Park lasts for around 3-4 hours.,285
Are there any restrictions on photography inside Tadoba National Park?,"Yes, photography is allowed inside Tadoba National Park but it is strictly prohibited to use flash photography.",286
Is it necessary to book a safari in advance at Tadoba National Park?,"Yes, it is highly recommended to book a safari in advance at Tadoba National Park, especially during the peak season.",287
Are there any tribal villages inside Tadoba National Park?,"Yes, there are some tribal villages inside Tadoba National Park where tourists can interact with the locals and experience their way of life.",288
Is it safe to visit Tadoba National Park?,"Yes, Tadoba National Park is safe for tourists. However, it is important to follow the rules and guidelines set by the park authorities.",289
Can I hire a guide for the safari in Tadoba National Park?,"Yes, there are many guides available for the safari in Tadoba National Park.",290
Is there any entry fee for Tadoba National Park?,"Yes, there is an entry fee for Tadoba National Park which varies for Indian and foreign nationals.",291
What is the weather like in Tadoba National Park?,The weather in Tadoba National Park is usually hot and dry during summers and cool and pleasant during winters.,292
Can I bring my own vehicle inside Tadoba National Park for safari?,"No, private vehicles are not allowed inside Tadoba National Park for safari.",293
Are there any trekking options available in Tadoba National Park?,"No, trekking is not allowed inside Tadoba National Park for safety reasons.",294
Can I visit Tadoba National Park during the monsoon season?,"No, Tadoba National Park is closed during the monsoon season from July to September.",295
Is there any provision for camping inside Tadoba National Park?,"No, camping is not allowed inside Tadoba National Park",296
What is Malvan famous for?,"Malvan is famous for its beautiful beaches, historical forts, and delicious seafood.",297
What are some popular tourist attractions in Malvan?,"Popular tourist attractions in Malvan include Tarkarli Beach, Sindhudurg Fort, Devbagh Beach, and Malvan Marine Sanctuary.",298
What is the best time to visit Malvan?,The best time to visit Malvan is from November to February when the weather is pleasant and ideal for outdoor activities.,299
What is Tarkarli Beach known for?,"Tarkarli Beach is known for its pristine waters and white sand beaches, making it a popular destination for water sports like snorkeling, scuba diving, and parasailing.",300
What is Sindhudurg Fort famous for?,"Sindhudurg Fort is famous for being a significant historical landmark and a popular tourist destination, offering scenic views of the Arabian Sea.",301
What is Devbagh Beach known for?,"Devbagh Beach is known for its serene and peaceful atmosphere, making it an ideal spot for relaxing and unwinding.",302
What is Malvan Marine Sanctuary known for?,"Malvan Marine Sanctuary is known for its rich marine life and offers visitors a chance to see a variety of fish, sea turtles, and coral reefs.",303
How far is Malvan from Mumbai?,Malvan is located about 500 km from Mumbai and can be reached by road or by train.,304
What is the best way to reach Malvan?,The best way to reach Malvan is by road or by train.,305
What is the nearest airport to Malvan?,"The nearest airport to Malvan is Dabolim Airport in Goa, which is about 130 km away.",306
Is Malvan a good place for water sports?,"Yes, Malvan is an excellent place for water sports like snorkeling, scuba diving, and parasailing, especially at Tarkarli Beach.",307
What is the cuisine of Malvan known for?,"The cuisine of Malvan is known for its delicious seafood, including dishes like Malvani fish curry, fried fish, and seafood thalis.",308
What are some popular festivals celebrated in Malvan?,"Popular festivals celebrated in Malvan include Ganesh Chaturthi, Diwali, and Holi.",309
Is Malvan a good place for a family vacation?,"Yes, Malvan is an excellent place for a family vacation, with its beautiful beaches, historical landmarks, and variety of activities for all ages.",310
What are some other nearby attractions to Malvan?,"Other nearby attractions to Malvan include the famous Konkan Coast, the stunning Dudhsagar Falls, and the beautiful hill station of Amboli.",311
What is the culture of Malvan like?,"The culture of Malvan is a unique blend of Konkani and Maharashtrian cultures, with a significant influence of seafood and spices in their cuisine and lifestyle.",312
Is Malvan a safe place for tourists?,"Yes, Malvan is a safe place for tourists, with friendly locals and a low crime rate. However, it is always recommended to take necessary precautions while traveling to any destination.",313
What are some popular water activities at Malvan?,"Popular water activities at Malvan include snorkeling, scuba diving, jet skiing, parasailing, and banana boat rides.",314
What is the distance between Malvan and Goa?,Malvan is located about 130 km away from Goa and can be reached by road or by train.,315
What is Igatpuri famous for?,"Igatpuri is famous for its scenic beauty, lush green mountains, and the Vipassana International Academy.",316
What is the best time to visit Igatpuri?,The best time to visit Igatpuri is from October to March when the weather is pleasant and cool.,317
How can I reach Igatpuri?,"Igatpuri is well-connected by road and rail. The nearest airport is in Mumbai, which is around 120 km away.",318
What are the popular tourist attractions in Igatpuri?,"Some popular tourist attractions in Igatpuri are the Vipassana International Academy, Bhatsa River Valley, Tringalwadi Fort, and the Amruteshwar Temple.",319
Is Igatpuri a good place for trekking?,"Yes, Igatpuri is a great place for trekking with trails like the Kalsubai Peak Trek, Ratangad Fort Trek, and Harihar Fort Trek.",320
Are there any waterfalls in Igatpuri?,"Yes, there are several waterfalls in Igatpuri such as the Ashoka Waterfall, Bhavli Waterfall, and the Randha Falls.",321
What is the climate like in Igatpuri?,"Igatpuri has a moderate climate throughout the year, with cool and pleasant weather in winters and mild summers.",322
Are there any adventure activities to do in Igatpuri?,"Yes, there are several adventure activities in Igatpuri such as rappelling, rock climbing, camping, and trekking.",323
What is the distance between Mumbai and Igatpuri?,The distance between Mumbai and Igatpuri is around 120 km.,324
Can I drive to Igatpuri from Mumbai?,"Yes, you can easily drive to Igatpuri from Mumbai via the Mumbai-Nashik Expressway.",325
What is the history behind the Tringalwadi Fort in Igatpuri?,"The Tringalwadi Fort in Igatpuri has a rich history dating back to the 10th century and was ruled by various dynasties including the Mauryas, the Satavahanas, and the Yadavas.",326
Is there any accommodation available in Igatpuri?,"Yes, there are several resorts and hotels in Igatpuri to choose from for a comfortable stay.",327
What is the best way to explore Igatpuri?,"The best way to explore Igatpuri is on foot, trekking through its lush green hills, and exploring its natural beauty.",328
What are the famous local dishes in Igatpuri?,"Some of the famous local dishes in Igatpuri are the Misal Pav, Vada Pav, and the Maharashtrian Thali.",329
Are there any vineyards in Igatpuri?,"Yes, there are several vineyards in and around Igatpuri where you can taste some of the finest wines of the region.",330
What is the best way to reach Tringalwadi Fort in Igatpuri?,"The best way to reach Tringalwadi Fort in Igatpuri is by trekking, which takes around 2-3 hours.",331
What is the height of Kalsubai Peak in Igatpuri?,"The height of Kalsubai Peak in Igatpuri is 1,646 meters (5,400 feet) above sea level.",332
What are the popular tourist attractions in Chiplun?,"Chiplun is famous for its numerous beaches, waterfalls, and historical sites. The popular tourist attractions in Chiplun include the Parshuram Temple, Vashishti River, Sawatsada Waterfalls, and Gowalkot Fort.",333
How can I reach Chiplun?,"Chiplun is easily accessible by road, rail, and air. The nearest airport is in Mumbai, and the nearest railway station is in Chiplun. There are also several state-run and private buses that connect Chiplun with major cities in Maharashtra.",334
What is the best time to visit Chiplun?,"The best time to visit Chiplun is from November to February, when the weather is pleasant and ideal for sightseeing. However, if you want to experience the beauty of the waterfalls in full flow, you can plan your visit between June and September.",335
What are the popular adventure activities in Chiplun?,"Chiplun offers several adventure activities such as trekking, camping, white water rafting, and kayaking. You can trek to the nearby hills and forests, camp beside the river, or go for a thrilling white water rafting or kayaking experience.",336
What is the history of Gowalkot Fort in Chiplun?,"Gowalkot Fort is a historical fort in Chiplun that was built by the Marathas in the 17th century. The fort was used as a strategic lookout point to keep a watch over the surrounding area. It was also used as a stronghold by the Marathas during their battles with the British. Today, the fort is a popular tourist attraction that offers a panoramic view of the surrounding hills and valleys.",337
What are the popular food items to try in Chiplun?,"Chiplun is known for its lip-smacking Konkani cuisine that includes seafood, rice, and coconut-based dishes. Some of the popular food items to try in Chiplun include Solkadhi, Malvani fish curry, Kokam Kadi, and Kombdi Vade.",338
What are the popular waterfalls to visit in Chiplun?,"Chiplun is home to several stunning waterfalls that are a must-visit for nature lovers. The popular waterfalls to visit in Chiplun include Sawatsada Waterfalls, Parshuram Waterfalls, and Unhavare Hot Water Springs.",339
What is the significance of Parshuram Temple in Chiplun?,"Parshuram Temple is a famous temple in Chiplun that is dedicated to Lord Parshuram, the sixth incarnation of Lord Vishnu. The temple is known for its beautiful architecture and serene surroundings. It is believed that the temple was built on the spot where Lord Parshuram meditated after killing his mother.",340
What is the best way to explore the natural beauty of Chiplun?,"The best way to explore the natural beauty of Chiplun is by taking a leisurely walk or cycling tour around the town. You can also go on a guided nature trail, visit nearby villages, or go on a boat ride along the Vashishti River.",341
What are the nearby places to visit from Chiplun?,"Chiplun is surrounded by several beautiful places that are worth visiting. Some of the nearby places to visit from Chiplun include Ratnagiri, Ganapatipule, Mahabaleshwar, and Panchgani.",342
What is the best time to visit Ratnagiri?,The best time to visit Ratnagiri is from November to February when the weather is pleasant and cool.,343
Which are the famous beaches in Ratnagiri?,"Ratnagiri is famous for its beaches such as Ganpatipule Beach, Bhatye Beach, and Mandavi Beach.",344
What is the popular food in Ratnagiri?,"The popular food in Ratnagiri is seafood, especially the locally caught fish and prawns. The region is also known for its Alphonso mangoes.",345
What is the famous fort in Ratnagiri?,"The famous fort in Ratnagiri is the Ratnadurga Fort, which is situated on a hilltop and offers panoramic views of the Arabian Sea.",346
Which is the popular trekking spot in Ratnagiri?,"The popular trekking spot in Ratnagiri is the Thibaw Point, which is a vantage point that offers panoramic views of the Arabian Sea and the surrounding hills.",347
What are the popular waterfalls in Ratnagiri?,"The popular waterfalls in Ratnagiri are the Marleshwar Waterfall, Rajapur Ganga Waterfall, and Parashar Waterfall.",348
What is the popular temple in Ratnagiri?,"The popular temple in Ratnagiri is the Ganpatipule Temple, which is dedicated to Lord Ganesha and is situated on the Ganpatipule Beach.",349
What is the popular fort near Ratnagiri?,"The popular fort near Ratnagiri is the Jaigad Fort, which is situated at the mouth of the Sangameshwar river and offers panoramic views of the sea.",350
Which is the popular historic place in Ratnagiri?,"The popular historic place in Ratnagiri is the Thibaw Palace, which was built in the 19th century and was the residence of the exiled King Thibaw of Burma.",351
What is the popular wildlife sanctuary in Ratnagiri?,"The popular wildlife sanctuary in Ratnagiri is the Koyna Wildlife Sanctuary, which is home to several species of animals and birds, including tigers, leopards, and sloth bears.",352
What is the popular beach destination near Ratnagiri?,"The popular beach destination near Ratnagiri is Ganpatipule, which is known for its beautiful beaches, scenic landscapes, and the famous Ganpatipule Temple.",353
What is the famous museum in Ratnagiri?,"The famous museum in Ratnagiri is the Ratnagiri Marine Museum, which showcases the rich marine biodiversity of the region and has several exhibits related to the marine life and culture of the Konkan region.",354
Which is the popular waterfall near Ratnagiri?,"The popular waterfall near Ratnagiri is the Marleshwar Waterfall, which is situated in the middle of a dense forest and requires a trek of about 2 km to reach.",355
What is the popular festival in Ratnagiri?,"The popular festival in Ratnagiri is the Ganesh Chaturthi, which is celebrated with great fervor and enthusiasm, especially at the Ganpatipule Temple.",356
Which is the popular hill station near Ratnagiri?,"The popular hill station near Ratnagiri is Mahabaleshwar, which is known for its scenic beauty, strawberry farms, and pleasant weather.",357
What is Chikhaldara famous for?,"Chikhaldara is famous for its scenic beauty, wildlife sanctuary, lakes, and waterfalls.",358
What is the best time to visit Chikhaldara?,"The best time to visit Chikhaldara is between October and June, when the weather is pleasant and ideal for outdoor activities.",359
How can I reach Chikhaldara?,"The nearest airport to Chikhaldara is in Nagpur, which is about 230 km away. The nearest railway station is in Amravati, which is about 100 km away. Buses and taxis are also available from nearby cities and towns.",360
What are the popular tourist attractions in Chikhaldara?,"The popular tourist attractions in Chikhaldara are the Melghat Tiger Reserve, Gavilgad Fort, Narnala Fort, Bhimkund-Kichakdara, and the Shakkar Lake.",361
Is Chikhaldara a good place for wildlife enthusiasts?,"Yes, Chikhaldara is a great place for wildlife enthusiasts as it is home to the Melghat Tiger Reserve, which is one of the few remaining habitats of the Bengal tiger in India. The reserve also has a variety of other flora and fauna.",362
What is the weather like in Chikhaldara during monsoon season?,"Chikhaldara receives heavy rainfall during monsoon season, which usually lasts from June to September. Landslides are common during this time, so it is best to avoid visiting Chikhaldara during monsoon season.",363
Are there any waterfalls in Chikhaldara?,"Yes, Chikhaldara has several waterfalls, including the Kala Pani Waterfall, the Shakkar Lake Waterfall, and the Bhimkund Waterfall.",364
What kind of activities can I do in Chikhaldara?,"You can go on wildlife safaris, trekking, camping, boating, and bird watching in Chikhaldara. The place is also great for nature walks and photography.",365
What is the distance between Mumbai and Chikhaldara?,The distance between Mumbai and Chikhaldara is about 720 km.,366
What is the height of the Gavilgad Fort in Chikhaldara?,The Gavilgad Fort in Chikhaldara is about 800 meters high.,367
What is the best way to explore Chikhaldara?,The best way to explore Chikhaldara is on foot or by hiring a jeep for a wildlife safari.,368
What is the famous food of Chikhaldara?,"The famous food of Chikhaldara is Varadi cuisine, which includes dishes like Varan, Bhakri, and Pithla.",369
What are the accommodations available in Chikhaldara?,"There are several accommodations available in Chikhaldara, including hotels, resorts, and guesthouses.",370
What is the entry fee for the Melghat Tiger Reserve in Chikhaldara?,The entry fee for the Melghat Tiger Reserve in Chikhaldara is INR 50 for Indians and INR 400 for foreign nationals.,371
What is the duration of a wildlife safari in Chikhaldara?,The duration of a wildlife safari in Chikhaldara is about 3-4 hours.,372
What is Bhimashankar known for?,"Bhimashankar is a popular destination for its scenic beauty, ancient temples, and wildlife sanctuary.",373
What is the best time to visit Bhimashankar?,The best time to visit Bhimashankar is between November and February when the weather is cool and pleasant.,374
How far is Bhimashankar from Pune?,Bhimashankar is located about 110 km away from Pune.,375
What are the popular things to do in Bhimashankar?,"Some popular things to do in Bhimashankar include visiting the Bhimashankar Temple, trekking in the hills, and exploring the wildlife sanctuary.",376
How do I reach Bhimashankar from Mumbai?,Bhimashankar can be reached from Mumbai by road. It is about 215 km away from Mumbai.,377
What is the height of Bhimashankar Temple?,The height of Bhimashankar Temple is about 1034 meters above sea level.,378
Is Bhimashankar trek difficult?,"Yes, the trek to Bhimashankar can be difficult as it involves a steep climb. However, it is suitable for experienced trekkers.",379
What is the distance between Bhimashankar and Nashik?,Bhimashankar is located about 165 km away from Nashik.,380
What is the nearest airport to Bhimashankar?,"The nearest airport to Bhimashankar is Pune Airport, which is about 110 km away.",381
What is the entry fee for Bhimashankar Wildlife Sanctuary?,The entry fee for Bhimashankar Wildlife Sanctuary is Rs. 50 per person for Indian nationals and Rs. 500 per person for foreign nationals.,382
What is the best way to explore Bhimashankar Wildlife Sanctuary?,The best way to explore Bhimashankar Wildlife Sanctuary is on foot or by jeep safari.,383
What is the famous food in Bhimashankar?,"Bhimashankar is famous for its local cuisine which includes dishes like kanda bhaji, vada pav, and misal pav.",384
What is the temperature in Bhimashankar?,The temperature in Bhimashankar ranges from 10°C to 30°C depending on the season.,385
What is Karjat famous for?,"Karjat is known for its scenic natural beauty, waterfalls, mountains, and adventure activities.",386
What is the best time to visit Karjat?,The best time to visit Karjat is between June and September or November to February when the weather is pleasant and suitable for outdoor activities.,387
How to reach Karjat from Mumbai?,Karjat is well-connected to Mumbai by road and rail. You can take a train or bus from Mumbai to Karjat. It takes about 2 hours to reach Karjat from Mumbai by road or train.,388
What are some popular tourist attractions in Karjat?,"Some popular tourist attractions in Karjat are Kondana Caves, Ulhas Valley, Bhivpuri Waterfalls, and Bhor Ghat.",389
What is the distance between Mumbai and Karjat?,The distance between Mumbai and Karjat is around 62 kilometers.,390
What is the average temperature in Karjat?,The average temperature in Karjat is around 25 degrees Celsius.,391
What are some adventure activities one can do in Karjat?,"Some adventure activities one can do in Karjat are trekking, camping, rock climbing, rappelling, and river rafting.",392
What is the best way to explore Karjat?,"The best way to explore Karjat is on foot or by taking a nature walk as the town has plenty of scenic trails, waterfalls, and streams.",393
What is the entry fee for Kondana Caves?,The entry fee for Kondana Caves is Rs. 20 per person for Indian nationals and Rs. 100 per person for foreigners.,394
Is it safe to visit Karjat during monsoon?,"Karjat can be slippery and prone to landslides during monsoon, so visitors need to be careful and cautious while trekking or hiking.",395
Are there any good resorts in Karjat?,"Yes, there are many good resorts in Karjat, such as The Forest Club Resort, Radisson Blu Resort & Spa Karjat, and Rivergate Resort.",396
What is the main festival celebrated in Karjat?,"The main festival celebrated in Karjat is Ganesh Chaturthi, which is celebrated with great enthusiasm and fervor.",397
What is the height of Bhivpuri Waterfalls?,Bhivpuri Waterfalls has a height of around 20 meters.,398
What is the best mode of transportation within Karjat?,The best mode of transportation within Karjat is by auto-rickshaw or private vehicle as public transportation is limited.,399
What is the significance of Kondana Caves?,Kondana Caves are significant for their historical and archaeological importance as they were used by Buddhist monks for meditation and study during the 2nd century BC.,400
What is the best season for river rafting in Karjat?,The best season for river rafting in Karjat is during the monsoon season when the water level in the Ulhas River is high.,401
What is the distance between Pune and Karjat?,The distance between Pune and Karjat is around 98 kilometers.,402
What are some good restaurants in Karjat?,"Some good restaurants in Karjat are Ruchira Restaurant, Hotel Taj, and Vihang Inn Restaurant.",403
What is Toranmal famous for?,"Toranmal is famous for its scenic beauty, waterfalls, and trekking trails.",404
How can I reach Toranmal?,"The nearest airport and railway station are in Surat, which is about 185 km away. From there, you can take a taxi or a bus to reach Toranmal.",405
What are the nearby attractions to visit in Toranmal?,"Some of the nearby attractions include the Yashwant Lake, Sita Khai Waterfall, Lotus Lake, and the Machindranath Cave Temple.",406
What is the best time to visit Toranmal?,"The best time to visit Toranmal is from September to May, when the weather is pleasant and ideal for sightseeing and outdoor activities.",407
Are there any accommodation options in Toranmal?,"Yes, there are several hotels and resorts in Toranmal that offer comfortable accommodation options to tourists.",408
What is the height of the highest peak in Toranmal?,"The highest peak in Toranmal is the Khadki Point, which is at a height of 1461 meters above sea level.",409
What are the activities one can do in Toranmal?,"Tourists can indulge in activities like trekking, camping, birdwatching, and nature walks in Toranmal.",410
Is Toranmal a good place for a weekend getaway?,"Yes, Toranmal is an excellent place for a weekend getaway, especially for those seeking some peace and solitude amidst nature.",411
What is the distance between Mumbai and Toranmal?,"The distance between Mumbai and Toranmal is around 470 km, and it takes about 10 hours to cover this distance by road.",412
What is the climate of Toranmal like?,"Toranmal has a pleasant climate throughout the year, with temperatures ranging between 15°C and 30°C.",413
What is Ozar known for?,"Ozar is known for the Vigneshwara Temple, which is a significant temple dedicated to Lord Ganesha.",414
What is the best time to visit Ozar?,The best time to visit Ozar is between October and March when the weather is pleasant.,415
How can I reach Ozar?,"Ozar is well-connected by road and can be reached by bus, taxi, or private vehicle from nearby cities like Mumbai and Pune.",416
What is the distance between Mumbai and Ozar?,The distance between Mumbai and Ozar is approximately 155 km.,417
Is there any accommodation available in Ozar?,"Yes, there are a few hotels and lodges available for accommodation in Ozar.",418
How long does it take to visit Ozar?,A visit to Ozar can be completed in a day or two.,419
What are the other places to visit near Ozar?,"The other places to visit near Ozar are Lenyadri, Bhimashankar, and Junnar.",420
What are the timings of the Vigneshwara Temple?,The Vigneshwara Temple is open from 5:00 AM to 10:00 PM every day.,421
What is the entry fee for the Vigneshwara Temple?,There is no entry fee for the Vigneshwara Temple.,422
What is the significance of the Vigneshwara Temple?,The Vigneshwara Temple is considered one of the Ashtavinayak temples and is believed to be the place where Lord Ganesha defeated the demon Vignasur.,423
What is the history of Ozar?,Ozar has a rich history dating back to the rule of the Peshwas. It was an important center of trade and commerce during the Maratha Empire.,424
What is the weather like in Ozar?,"The weather in Ozar is usually pleasant throughout the year, but the best time to visit is between October and March.",425
Is Ozar a good place for a family vacation?,"Yes, Ozar is a great place for a family vacation as it offers a mix of history, culture, and spirituality.",426
What are the local food specialties in Ozar?,"Ozar is known for its Maharashtrian cuisine, and some of the local specialties include vada pav, misal pav, and thalipeeth.",427
Is photography allowed inside the Vigneshwara Temple?,"Yes, photography is allowed inside the Vigneshwara Temple.",428
What is the mode of payment accepted at the Vigneshwara Temple?,"The Vigneshwara Temple accepts cash, credit cards, and debit cards.",429
What are the precautions one should take while visiting Ozar?,One should carry adequate sun protection as well as insect repellent while visiting Ozar.,430
Is there any shopping to be done in Ozar?,"Yes, one can shop for souvenirs and local handicrafts in the nearby markets.",431
What are the adventure activities that can be done in Ozar?,"Ozar is not known for adventure activities, but one can indulge in trekking and camping in the nearby hills.",432
What are the festivals celebrated in Ozar?,The Ganesh Chaturthi festival is the most significant festival celebrated in Ozar.,433
What are some popular tourist attractions in Latur?,"Some popular tourist attractions in Latur are the Ganj Golai, Udgir Fort, Ashtavinayak Temple, Kharosa Caves, and Ausa Fort.",434
What is the best time to visit Latur?,The best time to visit Latur is from October to March when the weather is cool and pleasant.,435
What are some famous temples in Latur?,"Some famous temples in Latur are the Ashtavinayak Temple, Ganj Golai Temple, and the Siddheshwar Temple.",436
What is the significance of the Ganj Golai in Latur?,The Ganj Golai is a circular market in the center of Latur that has historic significance and is surrounded by historical structures.,437
What is the history of the Udgir Fort in Latur?,The Udgir Fort was built by the Bahmani rulers in the 14th century and was later captured by the Nizams of Hyderabad.,438
What is the distance between Latur and Hyderabad?,The distance between Latur and Hyderabad is approximately 229 kilometers.,439
What is the cuisine of Latur?,"Latur's cuisine is a blend of Maharashtrian and North Indian cuisines, with specialties like bhakri, jowar roti, and thecha.",440
What is the famous festival celebrated in Latur?,"The famous festival celebrated in Latur is Ganesh Chaturthi, which is celebrated with great enthusiasm and devotion.",441
What is the distance between Mumbai and Latur?,The distance between Mumbai and Latur is approximately 421 kilometers.,442
What is the historical significance of the Ausa Fort in Latur?,The Ausa Fort was built during the 12th century and has historical significance as it was used by various dynasties as a stronghold.,443
What are some activities to do in Latur?,"Some activities to do in Latur are visiting the various temples, exploring the historical sites, and trying the local cuisine.",444
What is the best way to reach Latur?,The best way to reach Latur is by taking a train or a bus from nearby cities like Mumbai or Pune.,445
What is the weather like in Latur during the summer months?,The weather in Latur during the summer months is hot and dry with temperatures reaching up to 40 degrees Celsius.,446
What is the history of the Kharosa Caves in Latur?,The Kharosa Caves were built during the 6th and 7th centuries and were used as Buddhist viharas.,447
What is the distance between Pune and Latur?,The distance between Pune and Latur is approximately 314 kilometers.,448
What is the significance of the Siddheshwar Temple in Latur?,The Siddheshwar Temple is one of the most important temples in Latur and is dedicated to Lord Shiva. It is believed to be more than 900 years old.,449
What is the weather like in Latur during the monsoon season?,The weather in Latur during the monsoon season is humid with heavy rainfall.,450
What is the history of the Ashtavinayak Temple in Latur?,The Ashtavinayak Temple is a group of eight temples dedicated to Lord Ganesha and was built during the reign of the Maratha Empire.,451
What is the best time to visit Satara?,The best time to visit Satara is from October to March when the weather is pleasant.,452
What are the popular tourist attractions in Satara?,"Popular tourist attractions in Satara include Kaas Plateau, Thoseghar Waterfall, Ajinkyatara Fort, and Sajjangad Fort.",453
What is Kaas Plateau known for?,Kaas Plateau is known for its stunning natural beauty and is home to a variety of endemic flora and fauna.,454
What is the distance between Satara and Pune?,The distance between Satara and Pune is approximately 114 kilometers.,455
What is the best way to reach Satara from Mumbai?,The best way to reach Satara from Mumbai is by road. You can take a bus or drive down to Satara.,456
What is the significance of Ajinkyatara Fort?,Ajinkyatara Fort is a historic fort that offers panoramic views of Satara city and the surrounding hills.,457
What is the height of Thoseghar Waterfall?,Thoseghar Waterfall is a series of waterfalls with a total height of around 500 meters.,458
What is the history of Sajjangad Fort?,"Sajjangad Fort has a rich history and was once the residence of the famous Maratha saint, Samarth Ramdas.",459
What is the specialty of Satara?,"Satara is known for its picturesque landscape, historical sites, and delicious local cuisine.",460
What are the popular trekking routes in Satara?,"Popular trekking routes in Satara include Vasota Fort trek, Ajinkyatara Fort trek, and Sajjangad Fort trek.",461
What is the distance between Satara and Mahabaleshwar?,The distance between Satara and Mahabaleshwar is approximately 50 kilometers.,462
What is the best way to reach Satara from Bangalore?,The best way to reach Satara from Bangalore is by taking a flight to Pune and then taking a taxi or bus to Satara.,463
What are the adventure activities one can do in Satara?,"Adventure activities in Satara include trekking, camping, paragliding, and rock climbing.",464
What is the history of Vasota Fort?,Vasota Fort has a rich history and was used as a prison during the British rule.,465
What is the specialty of Satara cuisine?,"Satara cuisine is known for its spicy and tangy flavors and includes dishes like vada pav, misal pav, and pithla bhakri.",466
What is the height of Vasota Fort?,"Vasota Fort is located at an elevation of around 1,200 meters above sea level.",467
What is the best way to reach Kaas Plateau from Satara?,The best way to reach Kaas Plateau from Satara is by taking a taxi or a bus.,468
What is the significance of Chalkewadi Windmill Farms?,Chalkewadi Windmill Farms is a popular tourist attraction and is known for its large wind turbines that generate renewable energy.,469
What is the nearest airport to Satara?,"The nearest airport to Satara is the Pune Airport, which is located approximately 120 kilometers away.",470
What is the best way to explore Satara city?,The best way to explore Satara city is on foot or by renting a bike.,471
What is Jejuri known for?,Jejuri is known for the famous Khandoba Temple and the grand Yatra festival.,472
What is the best time to visit Jejuri?,The best time to visit Jejuri is between November and February when the weather is pleasant and suitable for sightseeing.,473
How to reach Jejuri?,Jejuri can be reached by road from Pune and Mumbai. Regular buses and private taxis are available.,474
What is the distance between Pune and Jejuri?,The distance between Pune and Jejuri is approximately 50 km.,475
How long does it take to reach Jejuri from Mumbai?,It takes approximately 3 hours to reach Jejuri from Mumbai by road.,476
What is the significance of the Khandoba Temple in Jejuri?,The Khandoba Temple is considered as one of the most sacred places in Maharashtra and is dedicated to Lord Khandoba.,477
What is the history of the Khandoba Temple in Jejuri?,The Khandoba Temple in Jejuri is said to have been built during the Yadava dynasty in the 13th century.,478
What is the Yatra festival in Jejuri?,The Yatra festival in Jejuri is celebrated annually in March and is dedicated to Lord Khandoba.,479
What are the other attractions in Jejuri?,"Other attractions in Jejuri include the Gomukh Lake, the Mhaskoba Temple, and the Jejuricha Killa.",480
What is the Gomukh Lake in Jejuri?,The Gomukh Lake in Jejuri is a beautiful natural lake surrounded by hills and is known for its picturesque beauty.,481
What is the Mhaskoba Temple in Jejuri?,The Mhaskoba Temple in Jejuri is another temple dedicated to Lord Khandoba and is located on top of a hill.,482
What is the Jejuricha Killa in Jejuri?,The Jejuricha Killa is an ancient fort located in Jejuri and is known for its historical significance.,483
What are the adventure activities to do in Jejuri?,Trekking and camping are popular adventure activities to do in Jejuri.,484
Is Jejuri a good place for a weekend getaway?,"Yes, Jejuri is a great place for a weekend getaway, especially for those who are interested in religious tourism and adventure activities.",485
What are the accommodation options in Jejuri?,"There are limited accommodation options in Jejuri, including guesthouses and lodges.",486
What is Shirdi known for?,Shirdi is known for being the home of the revered spiritual leader Sai Baba.,487
How can I reach Shirdi?,"Shirdi is well-connected by road, rail, and air. The nearest airport is in Aurangabad, which is about 130 km away.",488
What is the best time to visit Shirdi?,"The best time to visit Shirdi is from October to March, when the weather is pleasant and cool.",489
What are some popular tourist attractions in Shirdi?,"Some popular tourist attractions in Shirdi include the Shri Sai Baba Sansthan Temple, Dwarkamai Mosque, Chavadi, and Sai Heritage Village.",490
Is there any accommodation available in Shirdi?,"Yes, there are plenty of accommodation options available in Shirdi to suit every budget and preference, ranging from budget hotels to luxury resorts.",491
What is the Shri Sai Baba Sansthan Temple?,The Shri Sai Baba Sansthan Temple is a famous pilgrimage site dedicated to the revered spiritual leader Sai Baba. It attracts millions of devotees every year.,492
What is the significance of Dwarkamai Mosque in Shirdi?,"Dwarkamai Mosque is a significant place for Sai Baba's devotees as he spent a significant amount of his time here, and it is believed that he performed many miracles here.",493
How long does it take to explore Shirdi?,It takes about two to three days to explore Shirdi and its surrounding areas properly.,494
What is Sai Heritage Village in Shirdi?,Sai Heritage Village is a museum showcasing the life and teachings of Sai Baba. It is a popular attraction among tourists visiting Shirdi.,495
Is there any shopping destination in Shirdi?,"Yes, there are several shopping destinations in Shirdi, offering a range of souvenirs, mementos, and other items related to Sai Baba.",496
What is the Sai Baba Samadhi Mandir in Shirdi?,"The Sai Baba Samadhi Mandir is the final resting place of Sai Baba, where he was buried after his death. It is an important place of worship for his devotees.",497
What is the Shri Sai Baba Sansthan Trust in Shirdi?,The Shri Sai Baba Sansthan Trust is an organization that manages and oversees the various activities and offerings at the Shri Sai Baba Sansthan Temple in Shirdi.,498
What is the Lendi Baug in Shirdi?,The Lendi Baug is a garden that Sai Baba used to visit regularly for meditation. It has several trees and plants that are believed to have been planted by Sai Baba himself.,499
Are there any other places to visit near Shirdi?,"Yes, there are several other places to visit near Shirdi, such as Shani Shingnapur, Nashik, and Trimbakeshwar.",500
What is the Chavadi in Shirdi?,The Chavadi in Shirdi is a historical building where Sai Baba used to spend alternate nights. It has now been converted into a museum.,501
What is the Sai Baba Temple in Dwarka?,"The Sai Baba Temple in Dwarka is a temple dedicated to Sai Baba, located in the Dwarka area of Delhi. It is one of the most popular Sai Baba temples in the country.",502
What is Tuljapur known for?,Tuljapur is a town in Maharashtra known for its historical and religious significance.,503
What is the best time to visit Tuljapur?,"The best time to visit Tuljapur is between October to March, as the weather during this time is pleasant and suitable for sightseeing.",504
How can I reach Tuljapur?,"Tuljapur can be easily reached by road and rail. The nearest airport is in Aurangabad, which is about 210 km away.",505
What are the famous tourist attractions in Tuljapur?,"The famous tourist attractions in Tuljapur are the Tulja Bhavani Temple, Ganesh Temple, and the Shivshrusti Museum.",506
Is it safe to visit Tuljapur?,"Yes, Tuljapur is a safe place to visit. However, it is always advisable to take necessary precautions and avoid travelling alone at night.",507
What are some popular restaurants in Tuljapur?,"Some popular restaurants in Tuljapur are Hotel Tuljai, Hotel Maratha, and Hotel Janai Palace.",508
What are the accommodations available in Tuljapur?,"Tuljapur offers a range of accommodations from budget hotels to luxury resorts. Some popular ones include Hotel Tuljai, Hotel Janai Palace, and Shivneri Lodge.",509
What is the significance of the Tulja Bhavani Temple?,The Tulja Bhavani Temple is one of the 51 Shakti Peethas in India and is considered to be one of the most sacred places in Maharashtra. It is believed that Goddess Tulja Bhavani fulfills the wishes of all her devotees.,510
What is the dress code for visiting the Tulja Bhavani Temple?,Visitors are required to dress modestly and remove their footwear before entering the temple premises.,511
What are the timings for visiting the Tulja Bhavani Temple?,"The Tulja Bhavani Temple is open from 5:00 am to 10:00 pm. However, the timings may vary during special occasions and festivals.",512
What is the significance of the Ganesh Temple in Tuljapur?,The Ganesh Temple is dedicated to Lord Ganesha and is located near the Tulja Bhavani Temple. It is believed that a visit to the Tulja Bhavani Temple is incomplete without visiting the Ganesh Temple.,513
What is the Shivshrusti Museum?,"The Shivshrusti Museum is a museum in Tuljapur that showcases the life and times of the great Maratha warrior, Chhatrapati Shivaji Maharaj. The museum has an impressive collection of artifacts, weapons, and paintings related to his life.",514
What are the other places to visit near Tuljapur?,"Some popular places to visit near Tuljapur are the Akkalkot Swami Samarth Maharaj Temple, Pandharpur, and Solapur.",515
What is the history of Tuljapur?,Tuljapur has a rich history and has been mentioned in various Hindu scriptures. It is believed that Lord Parshuram visited this place and installed the idol of Goddess Tulja Bhavani. It was also a significant center during the Maratha Empire.,516
What is the Tulja Bhavani Fair?,The Tulja Bhavani Fair is a popular festival celebrated in Tuljapur during Navratri. It is a nine-day festival that attracts a large number of devotees from all over the country.,517
